<?xml version="1.0" encoding="UTF-8"?>
<GenRun Id="impl_1" LaunchPart="xc7a35tcpg236-1" LaunchTime="1671093751">
  <File Type="PA-TCL" Name="Disp1of4Digits.tcl"/>
  <File Type="BITSTR-BMM" Name="Disp1of4Digits_bd.bmm"/>
  <File Type="REPORTS-TCL" Name="Disp1of4Digits_reports.tcl"/>
  <File Type="OPT-DCP" Name="Disp1of4Digits_opt.dcp"/>
  <File Type="OPT-HWDEF" Name="Disp1of4Digits.hwdef"/>
  <File Type="PWROPT-DCP" Name="Disp1of4Digits_pwropt.dcp"/>
  <File Type="PLACE-DCP" Name="Disp1of4Digits_placed.dcp"/>
  <File Type="PLACE-PRE-SIMILARITY" Name="Disp1of4Digits_incremental_reuse_pre_placed.rpt"/>
  <File Type="BG-BGN" Name="Disp1of4Digits.bgn"/>
  <File Type="POSTPLACE-PWROPT-DCP" Name="Disp1of4Digits_postplace_pwropt.dcp"/>
  <File Type="BG-BIN" Name="Disp1of4Digits.bin"/>
  <File Type="PHYSOPT-DCP" Name="Disp1of4Digits_physopt.dcp"/>
  <File Type="BITSTR-MSK" Name="Disp1of4Digits.msk"/>
  <File Type="ROUTE-ERROR-DCP" Name="Disp1of4Digits_routed_error.dcp"/>
  <File Type="ROUTE-DCP" Name="Disp1of4Digits_routed.dcp"/>
  <File Type="ROUTE-BLACKBOX-DCP" Name="Disp1of4Digits_routed_bb.dcp"/>
  <File Type="BITSTR-LTX" Name="Disp1of4Digits.ltx"/>
  <File Type="BITSTR-MMI" Name="Disp1of4Digits.mmi"/>
  <File Type="BITSTR-SYSDEF" Name="Disp1of4Digits.sysdef"/>
  <File Type="ROUTE-TIMING-PB" Name="Disp1of4Digits_timing_summary_routed.pb"/>
  <File Type="POSTROUTE-PHYSOPT-DCP" Name="Disp1of4Digits_postroute_physopt.dcp"/>
  <File Type="POSTROUTE-PHYSOPT-BLACKBOX-DCP" Name="Disp1of4Digits_postroute_physopt_bb.dcp"/>
  <File Type="BG-BIT" Name="Disp1of4Digits.bit"/>
  <File Type="BITSTR-RBT" Name="Disp1of4Digits.rbt"/>
  <File Type="BITSTR-NKY" Name="Disp1of4Digits.nky"/>
  <File Type="BG-DRC" Name="Disp1of4Digits.drc"/>
  <File Type="RDI-RDI" Name="Disp1of4Digits.vdi"/>
  <File Type="WBT-USG" Name="usage_statistics_webtalk.html"/>
  <FileSet Name="sources" Type="DesignSrcs" RelSrcDir="$PSRCDIR/sources_1">
    <Filter Type="Srcs"/>
    <File Path="$PSRCDIR/sources_1/new/Cmpt0to3.vhd">
      <FileInfo>
        <Attr Name="ImportPath" Val="$PPRDIR/../../Projet_Chronometre/Projet_Chronometre.srcs/sources_1/new/Cmpt0to3.vhd"/>
        <Attr Name="ImportTime" Val="1671101895"/>
        <Attr Name="UsedIn" Val="synthesis"/>
        <Attr Name="UsedIn" Val="simulation"/>
      </FileInfo>
    </File>
    <File Path="$PSRCDIR/sources_1/new/Disp1Digit.vhd">
      <FileInfo>
        <Attr Name="UserDisabled" Val="1"/>
        <Attr Name="ImportPath" Val="$PPRDIR/../../Projet_Chronometre/Projet_Chronometre.srcs/sources_1/new/Disp1Digit.vhd"/>
        <Attr Name="ImportTime" Val="1669882284"/>
        <Attr Name="UsedIn" Val="synthesis"/>
        <Attr Name="UsedIn" Val="simulation"/>
      </FileInfo>
    </File>
    <File Path="$PSRCDIR/sources_1/new/MUX4x4v1x4.vhd">
      <FileInfo>
        <Attr Name="UserDisabled" Val="1"/>
        <Attr Name="ImportPath" Val="$PPRDIR/../../Projet_Chronometre/Projet_Chronometre.srcs/sources_1/new/MUX4x4v1x4.vhd"/>
        <Attr Name="ImportTime" Val="1669882282"/>
        <Attr Name="UsedIn" Val="synthesis"/>
        <Attr Name="UsedIn" Val="simulation"/>
      </FileInfo>
    </File>
    <File Path="$PSRCDIR/sources_1/new/Disp1of4Digits.vhd">
      <FileInfo>
        <Attr Name="UserDisabled" Val="1"/>
        <Attr Name="ImportPath" Val="$PPRDIR/../../Projet_Chronometre/Projet_Chronometre.srcs/sources_1/new/Disp1of4Digits.vhd"/>
        <Attr Name="ImportTime" Val="1669888460"/>
        <Attr Name="UsedIn" Val="synthesis"/>
        <Attr Name="UsedIn" Val="simulation"/>
      </FileInfo>
    </File>
    <Config>
      <Option Name="DesignMode" Val="RTL"/>
      <Option Name="TopModule" Val="Cmpt0to3"/>
    </Config>
  </FileSet>
  <FileSet Name="constrs_in" Type="Constrs" RelSrcDir="$PSRCDIR/constrs_1">
    <Filter Type="Constrs"/>
    <File Path="$PSRCDIR/constrs_1/new/Disp1Digit_Basys3.xdc">
      <FileInfo>
        <Attr Name="UserDisabled" Val="1"/>
        <Attr Name="ImportPath" Val="$PPRDIR/../../Projet_Chronometre/Projet_Chronometre.srcs/constrs_1/new/Disp1Digit_Basys3.xdc"/>
        <Attr Name="ImportTime" Val="1668682023"/>
        <Attr Name="UsedIn" Val="synthesis"/>
        <Attr Name="UsedIn" Val="implementation"/>
      </FileInfo>
    </File>
    <File Path="$PSRCDIR/constrs_1/new/Disp1of4Digits.xdc">
      <FileInfo>
        <Attr Name="UserDisabled" Val="1"/>
        <Attr Name="ImportPath" Val="$PPRDIR/../../Projet_Chronometre/Projet_Chronometre.srcs/constrs_1/new/Disp1of4Digits.xdc"/>
        <Attr Name="ImportTime" Val="1669889886"/>
        <Attr Name="UsedIn" Val="synthesis"/>
        <Attr Name="UsedIn" Val="implementation"/>
      </FileInfo>
    </File>
    <Config>
      <Option Name="ConstrsType" Val="XDC"/>
    </Config>
  </FileSet>
  <FileSet Name="utils" Type="Utils" RelSrcDir="$PSRCDIR/utils_1">
    <Filter Type="Utils"/>
    <Config>
      <Option Name="TopAutoSet" Val="TRUE"/>
    </Config>
  </FileSet>
  <Strategy Version="1" Minor="2">
    <StratHandle Name="Vivado Implementation Defaults" Flow="Vivado Implementation 2019"/>
    <Step Id="init_design"/>
    <Step Id="opt_design"/>
    <Step Id="power_opt_design"/>
    <Step Id="place_design"/>
    <Step Id="post_place_power_opt_design"/>
    <Step Id="phys_opt_design"/>
    <Step Id="route_design"/>
    <Step Id="post_route_phys_opt_design"/>
    <Step Id="write_bitstream"/>
  </Strategy>
</GenRun>
